bf80d92a-b17e-11ef-b228-6c5d3a0f8f2f,"{'log': 1, 'verbose': 0, 'test_elite': True, 'run_info': ['StandardGP', UUID('bf80d92a-b17e-11ef-b228-6c5d3a0f8f2f'), 'ppb'], 'ffunction': <function rmse at 0x000001926057C700>, 'n_jobs': 1, 'max_depth': 17, 'n_elites': 1, 'elitism': True, 'n_iter': 2000, 'log_path': 'C:\\Users\\Rizzoli\\Documents\\GitHub\\slim_final\\slim_gsgp\\log\\ppbgp.csv', 'depth_calculator': <function tree_depth.<locals>.depth at 0x000001926057CC10>, 'initializer': <function rhh at 0x000001926057C160>, 'selector': <function tournament_selection_min.<locals>.ts at 0x00000192605AD2D0>, 'crossover': <function crossover_trees.<locals>.inner_xo at 0x000001926057CDC0>, 'settings_dict': {'p_test': 0.2}, 'p_xo': 0.8, 'pop_size': 200, 'seed': 0, 'p_m': 0.19999999999999996, 'mutator': <function mutate_tree_subtree.<locals>.inner_mut at 0x00000192605AD240>, 'find_elit_func': <function get_best_min at 0x000001926054F1C0>, 'FUNCTIONS': {'add': {'function': <built-in method add of type object at 0x00007FFEE4CDDE80>, 'arity': 2}, 'subtract': {'function': <built-in method sub of type object at 0x00007FFEE4CDDE80>, 'arity': 2}, 'multiply': {'function': <built-in method mul of type object at 0x00007FFEE4CDDE80>, 'arity': 2}, 'divide': {'function': <function protected_div at 0x0000019260293520>, 'arity': 2}}, 'CONSTANTS': {'constant_2.0': <function gp.<locals>.<dictcomp>.<lambda> at 0x00000192605ACEE0>, 'constant_3.0': <function gp.<locals>.<dictcomp>.<lambda> at 0x00000192605ACF70>, 'constant_4.0': <function gp.<locals>.<dictcomp>.<lambda> at 0x00000192605AD000>, 'constant_5.0': <function gp.<locals>.<dictcomp>.<lambda> at 0x00000192605AD090>, 'constant__1.0': <function gp.<locals>.<dictcomp>.<lambda> at 0x00000192605AD120>}, 'p_c': 0, 'init_depth': 6, 'init_pop_size': 200, 'p_test': 0.2}"
591dcfd0-b188-11ef-a061-6c5d3a0f8f2f,"{'log': 1, 'verbose': 0, 'test_elite': True, 'run_info': ['StandardGP', UUID('591dcfd0-b188-11ef-a061-6c5d3a0f8f2f'), 'ppb'], 'ffunction': <function rmse at 0x000001926057C700>, 'n_jobs': 1, 'max_depth': 17, 'n_elites': 1, 'elitism': True, 'n_iter': 2000, 'log_path': 'C:\\Users\\Rizzoli\\Documents\\GitHub\\slim_final\\slim_gsgp\\log\\ppbgp.csv', 'depth_calculator': <function tree_depth.<locals>.depth at 0x0000019260680DC0>, 'initializer': <function rhh at 0x000001926057C160>, 'selector': <function tournament_selection_min.<locals>.ts at 0x00000192606823B0>, 'crossover': <function crossover_trees.<locals>.inner_xo at 0x000001926057CDC0>, 'settings_dict': {'p_test': 0.2}, 'p_xo': 0.8, 'pop_size': 200, 'seed': 1, 'p_m': 0.19999999999999996, 'mutator': <function mutate_tree_subtree.<locals>.inner_mut at 0x0000019260683880>, 'find_elit_func': <function get_best_min at 0x000001926054F1C0>, 'FUNCTIONS': {'add': {'function': <built-in method add of type object at 0x00007FFEE4CDDE80>, 'arity': 2}, 'subtract': {'function': <built-in method sub of type object at 0x00007FFEE4CDDE80>, 'arity': 2}, 'multiply': {'function': <built-in method mul of type object at 0x00007FFEE4CDDE80>, 'arity': 2}, 'divide': {'function': <function protected_div at 0x0000019260293520>, 'arity': 2}}, 'CONSTANTS': {'constant_2.0': <function gp.<locals>.<dictcomp>.<lambda> at 0x0000019260682170>, 'constant_3.0': <function gp.<locals>.<dictcomp>.<lambda> at 0x0000019260683910>, 'constant_4.0': <function gp.<locals>.<dictcomp>.<lambda> at 0x0000019260680A60>, 'constant_5.0': <function gp.<locals>.<dictcomp>.<lambda> at 0x0000019260681D80>, 'constant__1.0': <function gp.<locals>.<dictcomp>.<lambda> at 0x0000019260680AF0>}, 'p_c': 0, 'init_depth': 6, 'init_pop_size': 200, 'p_test': 0.2}"
2fb04e78-b18a-11ef-ac21-6c5d3a0f8f2f,"{'log': 1, 'verbose': 0, 'test_elite': True, 'run_info': ['StandardGP', UUID('2fb04e78-b18a-11ef-ac21-6c5d3a0f8f2f'), 'ppb'], 'ffunction': <function rmse at 0x000001926057C700>, 'n_jobs': 1, 'max_depth': 17, 'n_elites': 1, 'elitism': True, 'n_iter': 2000, 'log_path': 'C:\\Users\\Rizzoli\\Documents\\GitHub\\slim_final\\slim_gsgp\\log\\ppbgp.csv', 'depth_calculator': <function tree_depth.<locals>.depth at 0x00000192606829E0>, 'initializer': <function rhh at 0x000001926057C160>, 'selector': <function tournament_selection_min.<locals>.ts at 0x0000019260683880>, 'crossover': <function crossover_trees.<locals>.inner_xo at 0x000001926057CDC0>, 'settings_dict': {'p_test': 0.2}, 'p_xo': 0.8, 'pop_size': 200, 'seed': 2, 'p_m': 0.19999999999999996, 'mutator': <function mutate_tree_subtree.<locals>.inner_mut at 0x0000019260681990>, 'find_elit_func': <function get_best_min at 0x000001926054F1C0>, 'FUNCTIONS': {'add': {'function': <built-in method add of type object at 0x00007FFEE4CDDE80>, 'arity': 2}, 'subtract': {'function': <built-in method sub of type object at 0x00007FFEE4CDDE80>, 'arity': 2}, 'multiply': {'function': <built-in method mul of type object at 0x00007FFEE4CDDE80>, 'arity': 2}, 'divide': {'function': <function protected_div at 0x0000019260293520>, 'arity': 2}}, 'CONSTANTS': {'constant_2.0': <function gp.<locals>.<dictcomp>.<lambda> at 0x0000019260680040>, 'constant_3.0': <function gp.<locals>.<dictcomp>.<lambda> at 0x00000192606801F0>, 'constant_4.0': <function gp.<locals>.<dictcomp>.<lambda> at 0x0000019260680D30>, 'constant_5.0': <function gp.<locals>.<dictcomp>.<lambda> at 0x0000019260680790>, 'constant__1.0': <function gp.<locals>.<dictcomp>.<lambda> at 0x0000019260681480>}, 'p_c': 0, 'init_depth': 6, 'init_pop_size': 200, 'p_test': 0.2}"
105ac9c5-b18b-11ef-a01f-6c5d3a0f8f2f,"{'log': 1, 'verbose': 0, 'test_elite': True, 'run_info': ['StandardGP', UUID('105ac9c5-b18b-11ef-a01f-6c5d3a0f8f2f'), 'ppb'], 'ffunction': <function rmse at 0x000001926057C700>, 'n_jobs': 1, 'max_depth': 17, 'n_elites': 1, 'elitism': True, 'n_iter': 2000, 'log_path': 'C:\\Users\\Rizzoli\\Documents\\GitHub\\slim_final\\slim_gsgp\\log\\ppbgp.csv', 'depth_calculator': <function tree_depth.<locals>.depth at 0x000001926057CC10>, 'initializer': <function rhh at 0x000001926057C160>, 'selector': <function tournament_selection_min.<locals>.ts at 0x0000019260681990>, 'crossover': <function crossover_trees.<locals>.inner_xo at 0x000001926057CDC0>, 'settings_dict': {'p_test': 0.2}, 'p_xo': 0.8, 'pop_size': 200, 'seed': 3, 'p_m': 0.19999999999999996, 'mutator': <function mutate_tree_subtree.<locals>.inner_mut at 0x0000019260681E10>, 'find_elit_func': <function get_best_min at 0x000001926054F1C0>, 'FUNCTIONS': {'add': {'function': <built-in method add of type object at 0x00007FFEE4CDDE80>, 'arity': 2}, 'subtract': {'function': <built-in method sub of type object at 0x00007FFEE4CDDE80>, 'arity': 2}, 'multiply': {'function': <built-in method mul of type object at 0x00007FFEE4CDDE80>, 'arity': 2}, 'divide': {'function': <function protected_div at 0x0000019260293520>, 'arity': 2}}, 'CONSTANTS': {'constant_2.0': <function gp.<locals>.<dictcomp>.<lambda> at 0x0000019260681D80>, 'constant_3.0': <function gp.<locals>.<dictcomp>.<lambda> at 0x0000019260680A60>, 'constant_4.0': <function gp.<locals>.<dictcomp>.<lambda> at 0x0000019260683910>, 'constant_5.0': <function gp.<locals>.<dictcomp>.<lambda> at 0x0000019260682170>, 'constant__1.0': <function gp.<locals>.<dictcomp>.<lambda> at 0x0000019260682440>}, 'p_c': 0, 'init_depth': 6, 'init_pop_size': 200, 'p_test': 0.2}"
482edc92-b18c-11ef-b0f2-6c5d3a0f8f2f,"{'log': 1, 'verbose': 0, 'test_elite': True, 'run_info': ['StandardGP', UUID('482edc92-b18c-11ef-b0f2-6c5d3a0f8f2f'), 'ppb'], 'ffunction': <function rmse at 0x000001926057C700>, 'n_jobs': 1, 'max_depth': 17, 'n_elites': 1, 'elitism': True, 'n_iter': 2000, 'log_path': 'C:\\Users\\Rizzoli\\Documents\\GitHub\\slim_final\\slim_gsgp\\log\\ppbgp.csv', 'depth_calculator': <function tree_depth.<locals>.depth at 0x00000192605AFEB0>, 'initializer': <function rhh at 0x000001926057C160>, 'selector': <function tournament_selection_min.<locals>.ts at 0x00000192605ACE50>, 'crossover': <function crossover_trees.<locals>.inner_xo at 0x000001926057CDC0>, 'settings_dict': {'p_test': 0.2}, 'p_xo': 0.8, 'pop_size': 200, 'seed': 4, 'p_m': 0.19999999999999996, 'mutator': <function mutate_tree_subtree.<locals>.inner_mut at 0x00000192605AEA70>, 'find_elit_func': <function get_best_min at 0x000001926054F1C0>, 'FUNCTIONS': {'add': {'function': <built-in method add of type object at 0x00007FFEE4CDDE80>, 'arity': 2}, 'subtract': {'function': <built-in method sub of type object at 0x00007FFEE4CDDE80>, 'arity': 2}, 'multiply': {'function': <built-in method mul of type object at 0x00007FFEE4CDDE80>, 'arity': 2}, 'divide': {'function': <function protected_div at 0x0000019260293520>, 'arity': 2}}, 'CONSTANTS': {'constant_2.0': <function gp.<locals>.<dictcomp>.<lambda> at 0x00000192605AD120>, 'constant_3.0': <function gp.<locals>.<dictcomp>.<lambda> at 0x00000192605AD990>, 'constant_4.0': <function gp.<locals>.<dictcomp>.<lambda> at 0x00000192605AFE20>, 'constant_5.0': <function gp.<locals>.<dictcomp>.<lambda> at 0x00000192605AFD00>, 'constant__1.0': <function gp.<locals>.<dictcomp>.<lambda> at 0x00000192605AF520>}, 'p_c': 0, 'init_depth': 6, 'init_pop_size': 200, 'p_test': 0.2}"
ebae0885-b18d-11ef-8db3-6c5d3a0f8f2f,"{'log': 1, 'verbose': 0, 'test_elite': True, 'run_info': ['StandardGP', UUID('ebae0885-b18d-11ef-8db3-6c5d3a0f8f2f'), 'ppb'], 'ffunction': <function rmse at 0x000001926057C700>, 'n_jobs': 1, 'max_depth': 17, 'n_elites': 1, 'elitism': True, 'n_iter': 2000, 'log_path': 'C:\\Users\\Rizzoli\\Documents\\GitHub\\slim_final\\slim_gsgp\\log\\ppbgp.csv', 'depth_calculator': <function tree_depth.<locals>.depth at 0x0000019260681900>, 'initializer': <function rhh at 0x000001926057C160>, 'selector': <function tournament_selection_min.<locals>.ts at 0x0000019260680670>, 'crossover': <function crossover_trees.<locals>.inner_xo at 0x000001926057CDC0>, 'settings_dict': {'p_test': 0.2}, 'p_xo': 0.8, 'pop_size': 200, 'seed': 5, 'p_m': 0.19999999999999996, 'mutator': <function mutate_tree_subtree.<locals>.inner_mut at 0x0000019260683250>, 'find_elit_func': <function get_best_min at 0x000001926054F1C0>, 'FUNCTIONS': {'add': {'function': <built-in method add of type object at 0x00007FFEE4CDDE80>, 'arity': 2}, 'subtract': {'function': <built-in method sub of type object at 0x00007FFEE4CDDE80>, 'arity': 2}, 'multiply': {'function': <built-in method mul of type object at 0x00007FFEE4CDDE80>, 'arity': 2}, 'divide': {'function': <function protected_div at 0x0000019260293520>, 'arity': 2}}, 'CONSTANTS': {'constant_2.0': <function gp.<locals>.<dictcomp>.<lambda> at 0x0000019260680A60>, 'constant_3.0': <function gp.<locals>.<dictcomp>.<lambda> at 0x0000019260681D80>, 'constant_4.0': <function gp.<locals>.<dictcomp>.<lambda> at 0x0000019260682A70>, 'constant_5.0': <function gp.<locals>.<dictcomp>.<lambda> at 0x0000019260682320>, 'constant__1.0': <function gp.<locals>.<dictcomp>.<lambda> at 0x0000019260680700>}, 'p_c': 0, 'init_depth': 6, 'init_pop_size': 200, 'p_test': 0.2}"
a1434127-b193-11ef-b3ea-6c5d3a0f8f2f,"{'log': 1, 'verbose': 0, 'test_elite': True, 'run_info': ['StandardGP', UUID('a1434127-b193-11ef-b3ea-6c5d3a0f8f2f'), 'ppb'], 'ffunction': <function rmse at 0x000001926057C700>, 'n_jobs': 1, 'max_depth': 17, 'n_elites': 1, 'elitism': True, 'n_iter': 2000, 'log_path': 'C:\\Users\\Rizzoli\\Documents\\GitHub\\slim_final\\slim_gsgp\\log\\ppbgp.csv', 'depth_calculator': <function tree_depth.<locals>.depth at 0x00000192605AF880>, 'initializer': <function rhh at 0x000001926057C160>, 'selector': <function tournament_selection_min.<locals>.ts at 0x00000192605AF5B0>, 'crossover': <function crossover_trees.<locals>.inner_xo at 0x000001926057CDC0>, 'settings_dict': {'p_test': 0.2}, 'p_xo': 0.8, 'pop_size': 200, 'seed': 6, 'p_m': 0.19999999999999996, 'mutator': <function mutate_tree_subtree.<locals>.inner_mut at 0x00000192605AD120>, 'find_elit_func': <function get_best_min at 0x000001926054F1C0>, 'FUNCTIONS': {'add': {'function': <built-in method add of type object at 0x00007FFEE4CDDE80>, 'arity': 2}, 'subtract': {'function': <built-in method sub of type object at 0x00007FFEE4CDDE80>, 'arity': 2}, 'multiply': {'function': <built-in method mul of type object at 0x00007FFEE4CDDE80>, 'arity': 2}, 'divide': {'function': <function protected_div at 0x0000019260293520>, 'arity': 2}}, 'CONSTANTS': {'constant_2.0': <function gp.<locals>.<dictcomp>.<lambda> at 0x000001926057F5B0>, 'constant_3.0': <function gp.<locals>.<dictcomp>.<lambda> at 0x000001926057DAB0>, 'constant_4.0': <function gp.<locals>.<dictcomp>.<lambda> at 0x00000192605AF520>, 'constant_5.0': <function gp.<locals>.<dictcomp>.<lambda> at 0x00000192605AFD00>, 'constant__1.0': <function gp.<locals>.<dictcomp>.<lambda> at 0x00000192605AFE20>}, 'p_c': 0, 'init_depth': 6, 'init_pop_size': 200, 'p_test': 0.2}"
32f8bdeb-b198-11ef-9858-6c5d3a0f8f2f,"{'log': 1, 'verbose': 0, 'test_elite': True, 'run_info': ['StandardGP', UUID('32f8bdeb-b198-11ef-9858-6c5d3a0f8f2f'), 'ppb'], 'ffunction': <function rmse at 0x000001926057C700>, 'n_jobs': 1, 'max_depth': 17, 'n_elites': 1, 'elitism': True, 'n_iter': 2000, 'log_path': 'C:\\Users\\Rizzoli\\Documents\\GitHub\\slim_final\\slim_gsgp\\log\\ppbgp.csv', 'depth_calculator': <function tree_depth.<locals>.depth at 0x000001926057DB40>, 'initializer': <function rhh at 0x000001926057C160>, 'selector': <function tournament_selection_min.<locals>.ts at 0x00000192606830A0>, 'crossover': <function crossover_trees.<locals>.inner_xo at 0x000001926057CDC0>, 'settings_dict': {'p_test': 0.2}, 'p_xo': 0.8, 'pop_size': 200, 'seed': 7, 'p_m': 0.19999999999999996, 'mutator': <function mutate_tree_subtree.<locals>.inner_mut at 0x0000019260680550>, 'find_elit_func': <function get_best_min at 0x000001926054F1C0>, 'FUNCTIONS': {'add': {'function': <built-in method add of type object at 0x00007FFEE4CDDE80>, 'arity': 2}, 'subtract': {'function': <built-in method sub of type object at 0x00007FFEE4CDDE80>, 'arity': 2}, 'multiply': {'function': <built-in method mul of type object at 0x00007FFEE4CDDE80>, 'arity': 2}, 'divide': {'function': <function protected_div at 0x0000019260293520>, 'arity': 2}}, 'CONSTANTS': {'constant_2.0': <function gp.<locals>.<dictcomp>.<lambda> at 0x0000019260682A70>, 'constant_3.0': <function gp.<locals>.<dictcomp>.<lambda> at 0x0000019260681D80>, 'constant_4.0': <function gp.<locals>.<dictcomp>.<lambda> at 0x0000019260680A60>, 'constant_5.0': <function gp.<locals>.<dictcomp>.<lambda> at 0x0000019260683AC0>, 'constant__1.0': <function gp.<locals>.<dictcomp>.<lambda> at 0x0000019260681000>}, 'p_c': 0, 'init_depth': 6, 'init_pop_size': 200, 'p_test': 0.2}"
bb5cb7e9-b199-11ef-b732-6c5d3a0f8f2f,"{'log': 1, 'verbose': 0, 'test_elite': True, 'run_info': ['StandardGP', UUID('bb5cb7e9-b199-11ef-b732-6c5d3a0f8f2f'), 'ppb'], 'ffunction': <function rmse at 0x000001926057C700>, 'n_jobs': 1, 'max_depth': 17, 'n_elites': 1, 'elitism': True, 'n_iter': 2000, 'log_path': 'C:\\Users\\Rizzoli\\Documents\\GitHub\\slim_final\\slim_gsgp\\log\\ppbgp.csv', 'depth_calculator': <function tree_depth.<locals>.depth at 0x0000019260680700>, 'initializer': <function rhh at 0x000001926057C160>, 'selector': <function tournament_selection_min.<locals>.ts at 0x0000019260680550>, 'crossover': <function crossover_trees.<locals>.inner_xo at 0x000001926057CDC0>, 'settings_dict': {'p_test': 0.2}, 'p_xo': 0.8, 'pop_size': 200, 'seed': 8, 'p_m': 0.19999999999999996, 'mutator': <function mutate_tree_subtree.<locals>.inner_mut at 0x0000019260680670>, 'find_elit_func': <function get_best_min at 0x000001926054F1C0>, 'FUNCTIONS': {'add': {'function': <built-in method add of type object at 0x00007FFEE4CDDE80>, 'arity': 2}, 'subtract': {'function': <built-in method sub of type object at 0x00007FFEE4CDDE80>, 'arity': 2}, 'multiply': {'function': <built-in method mul of type object at 0x00007FFEE4CDDE80>, 'arity': 2}, 'divide': {'function': <function protected_div at 0x0000019260293520>, 'arity': 2}}, 'CONSTANTS': {'constant_2.0': <function gp.<locals>.<dictcomp>.<lambda> at 0x000001926057DA20>, 'constant_3.0': <function gp.<locals>.<dictcomp>.<lambda> at 0x0000019260681B40>, 'constant_4.0': <function gp.<locals>.<dictcomp>.<lambda> at 0x0000019260682DD0>, 'constant_5.0': <function gp.<locals>.<dictcomp>.<lambda> at 0x00000192606816C0>, 'constant__1.0': <function gp.<locals>.<dictcomp>.<lambda> at 0x0000019260681480>}, 'p_c': 0, 'init_depth': 6, 'init_pop_size': 200, 'p_test': 0.2}"
22a12857-b19c-11ef-aea9-6c5d3a0f8f2f,"{'log': 1, 'verbose': 0, 'test_elite': True, 'run_info': ['StandardGP', UUID('22a12857-b19c-11ef-aea9-6c5d3a0f8f2f'), 'ppb'], 'ffunction': <function rmse at 0x000001926057C700>, 'n_jobs': 1, 'max_depth': 17, 'n_elites': 1, 'elitism': True, 'n_iter': 2000, 'log_path': 'C:\\Users\\Rizzoli\\Documents\\GitHub\\slim_final\\slim_gsgp\\log\\ppbgp.csv', 'depth_calculator': <function tree_depth.<locals>.depth at 0x0000019260680550>, 'initializer': <function rhh at 0x000001926057C160>, 'selector': <function tournament_selection_min.<locals>.ts at 0x0000019260680670>, 'crossover': <function crossover_trees.<locals>.inner_xo at 0x000001926057CDC0>, 'settings_dict': {'p_test': 0.2}, 'p_xo': 0.8, 'pop_size': 200, 'seed': 9, 'p_m': 0.19999999999999996, 'mutator': <function mutate_tree_subtree.<locals>.inner_mut at 0x0000019260681CF0>, 'find_elit_func': <function get_best_min at 0x000001926054F1C0>, 'FUNCTIONS': {'add': {'function': <built-in method add of type object at 0x00007FFEE4CDDE80>, 'arity': 2}, 'subtract': {'function': <built-in method sub of type object at 0x00007FFEE4CDDE80>, 'arity': 2}, 'multiply': {'function': <built-in method mul of type object at 0x00007FFEE4CDDE80>, 'arity': 2}, 'divide': {'function': <function protected_div at 0x0000019260293520>, 'arity': 2}}, 'CONSTANTS': {'constant_2.0': <function gp.<locals>.<dictcomp>.<lambda> at 0x0000019260680A60>, 'constant_3.0': <function gp.<locals>.<dictcomp>.<lambda> at 0x0000019260681D80>, 'constant_4.0': <function gp.<locals>.<dictcomp>.<lambda> at 0x0000019260682A70>, 'constant_5.0': <function gp.<locals>.<dictcomp>.<lambda> at 0x00000192606830A0>, 'constant__1.0': <function gp.<locals>.<dictcomp>.<lambda> at 0x0000019260682EF0>}, 'p_c': 0, 'init_depth': 6, 'init_pop_size': 200, 'p_test': 0.2}"
cf03765a-b1a1-11ef-8519-6c5d3a0f8f2f,"{'log': 1, 'verbose': 0, 'test_elite': True, 'run_info': ['StandardGP', UUID('cf03765a-b1a1-11ef-8519-6c5d3a0f8f2f'), 'ppb'], 'ffunction': <function rmse at 0x000001926057C700>, 'n_jobs': 1, 'max_depth': 17, 'n_elites': 1, 'elitism': True, 'n_iter': 2000, 'log_path': 'C:\\Users\\Rizzoli\\Documents\\GitHub\\slim_final\\slim_gsgp\\log\\ppbgp.csv', 'depth_calculator': <function tree_depth.<locals>.depth at 0x000001926057DAB0>, 'initializer': <function rhh at 0x000001926057C160>, 'selector': <function tournament_selection_min.<locals>.ts at 0x0000019260681CF0>, 'crossover': <function crossover_trees.<locals>.inner_xo at 0x000001926057CDC0>, 'settings_dict': {'p_test': 0.2}, 'p_xo': 0.8, 'pop_size': 200, 'seed': 10, 'p_m': 0.19999999999999996, 'mutator': <function mutate_tree_subtree.<locals>.inner_mut at 0x0000019260682290>, 'find_elit_func': <function get_best_min at 0x000001926054F1C0>, 'FUNCTIONS': {'add': {'function': <built-in method add of type object at 0x00007FFEE4CDDE80>, 'arity': 2}, 'subtract': {'function': <built-in method sub of type object at 0x00007FFEE4CDDE80>, 'arity': 2}, 'multiply': {'function': <built-in method mul of type object at 0x00007FFEE4CDDE80>, 'arity': 2}, 'divide': {'function': <function protected_div at 0x0000019260293520>, 'arity': 2}}, 'CONSTANTS': {'constant_2.0': <function gp.<locals>.<dictcomp>.<lambda> at 0x00000192606809D0>, 'constant_3.0': <function gp.<locals>.<dictcomp>.<lambda> at 0x0000019260681480>, 'constant_4.0': <function gp.<locals>.<dictcomp>.<lambda> at 0x00000192606816C0>, 'constant_5.0': <function gp.<locals>.<dictcomp>.<lambda> at 0x0000019260682DD0>, 'constant__1.0': <function gp.<locals>.<dictcomp>.<lambda> at 0x0000019260681B40>}, 'p_c': 0, 'init_depth': 6, 'init_pop_size': 200, 'p_test': 0.2}"
a98a8fb8-b1a3-11ef-a231-6c5d3a0f8f2f,"{'log': 1, 'verbose': 0, 'test_elite': True, 'run_info': ['StandardGP', UUID('a98a8fb8-b1a3-11ef-a231-6c5d3a0f8f2f'), 'ppb'], 'ffunction': <function rmse at 0x000001926057C700>, 'n_jobs': 1, 'max_depth': 17, 'n_elites': 1, 'elitism': True, 'n_iter': 2000, 'log_path': 'C:\\Users\\Rizzoli\\Documents\\GitHub\\slim_final\\slim_gsgp\\log\\ppbgp.csv', 'depth_calculator': <function tree_depth.<locals>.depth at 0x00000192606835B0>, 'initializer': <function rhh at 0x000001926057C160>, 'selector': <function tournament_selection_min.<locals>.ts at 0x0000019260682290>, 'crossover': <function crossover_trees.<locals>.inner_xo at 0x000001926057CDC0>, 'settings_dict': {'p_test': 0.2}, 'p_xo': 0.8, 'pop_size': 200, 'seed': 11, 'p_m': 0.19999999999999996, 'mutator': <function mutate_tree_subtree.<locals>.inner_mut at 0x0000019260682CB0>, 'find_elit_func': <function get_best_min at 0x000001926054F1C0>, 'FUNCTIONS': {'add': {'function': <built-in method add of type object at 0x00007FFEE4CDDE80>, 'arity': 2}, 'subtract': {'function': <built-in method sub of type object at 0x00007FFEE4CDDE80>, 'arity': 2}, 'multiply': {'function': <built-in method mul of type object at 0x00007FFEE4CDDE80>, 'arity': 2}, 'divide': {'function': <function protected_div at 0x0000019260293520>, 'arity': 2}}, 'CONSTANTS': {'constant_2.0': <function gp.<locals>.<dictcomp>.<lambda> at 0x0000019260682A70>, 'constant_3.0': <function gp.<locals>.<dictcomp>.<lambda> at 0x0000019260681D80>, 'constant_4.0': <function gp.<locals>.<dictcomp>.<lambda> at 0x0000019260680A60>, 'constant_5.0': <function gp.<locals>.<dictcomp>.<lambda> at 0x0000019260680670>, 'constant__1.0': <function gp.<locals>.<dictcomp>.<lambda> at 0x0000019260682B00>}, 'p_c': 0, 'init_depth': 6, 'init_pop_size': 200, 'p_test': 0.2}"
5005f4f7-b1a6-11ef-884b-6c5d3a0f8f2f,"{'log': 1, 'verbose': 0, 'test_elite': True, 'run_info': ['StandardGP', UUID('5005f4f7-b1a6-11ef-884b-6c5d3a0f8f2f'), 'ppb'], 'ffunction': <function rmse at 0x000001926057C700>, 'n_jobs': 1, 'max_depth': 17, 'n_elites': 1, 'elitism': True, 'n_iter': 2000, 'log_path': 'C:\\Users\\Rizzoli\\Documents\\GitHub\\slim_final\\slim_gsgp\\log\\ppbgp.csv', 'depth_calculator': <function tree_depth.<locals>.depth at 0x0000019260680310>, 'initializer': <function rhh at 0x000001926057C160>, 'selector': <function tournament_selection_min.<locals>.ts at 0x0000019260682CB0>, 'crossover': <function crossover_trees.<locals>.inner_xo at 0x000001926057CDC0>, 'settings_dict': {'p_test': 0.2}, 'p_xo': 0.8, 'pop_size': 200, 'seed': 12, 'p_m': 0.19999999999999996, 'mutator': <function mutate_tree_subtree.<locals>.inner_mut at 0x0000019260683E20>, 'find_elit_func': <function get_best_min at 0x000001926054F1C0>, 'FUNCTIONS': {'add': {'function': <built-in method add of type object at 0x00007FFEE4CDDE80>, 'arity': 2}, 'subtract': {'function': <built-in method sub of type object at 0x00007FFEE4CDDE80>, 'arity': 2}, 'multiply': {'function': <built-in method mul of type object at 0x00007FFEE4CDDE80>, 'arity': 2}, 'divide': {'function': <function protected_div at 0x0000019260293520>, 'arity': 2}}, 'CONSTANTS': {'constant_2.0': <function gp.<locals>.<dictcomp>.<lambda> at 0x0000019260682DD0>, 'constant_3.0': <function gp.<locals>.<dictcomp>.<lambda> at 0x00000192606816C0>, 'constant_4.0': <function gp.<locals>.<dictcomp>.<lambda> at 0x0000019260681480>, 'constant_5.0': <function gp.<locals>.<dictcomp>.<lambda> at 0x00000192606809D0>, 'constant__1.0': <function gp.<locals>.<dictcomp>.<lambda> at 0x0000019260681CF0>}, 'p_c': 0, 'init_depth': 6, 'init_pop_size': 200, 'p_test': 0.2}"
65f2392e-b1ac-11ef-bcb9-6c5d3a0f8f2f,"{'log': 1, 'verbose': 0, 'test_elite': True, 'run_info': ['StandardGP', UUID('65f2392e-b1ac-11ef-bcb9-6c5d3a0f8f2f'), 'ppb'], 'ffunction': <function rmse at 0x000001926057C700>, 'n_jobs': 1, 'max_depth': 17, 'n_elites': 1, 'elitism': True, 'n_iter': 2000, 'log_path': 'C:\\Users\\Rizzoli\\Documents\\GitHub\\slim_final\\slim_gsgp\\log\\ppbgp.csv', 'depth_calculator': <function tree_depth.<locals>.depth at 0x000001926057DB40>, 'initializer': <function rhh at 0x000001926057C160>, 'selector': <function tournament_selection_min.<locals>.ts at 0x0000019260683E20>, 'crossover': <function crossover_trees.<locals>.inner_xo at 0x000001926057CDC0>, 'settings_dict': {'p_test': 0.2}, 'p_xo': 0.8, 'pop_size': 200, 'seed': 13, 'p_m': 0.19999999999999996, 'mutator': <function mutate_tree_subtree.<locals>.inner_mut at 0x0000019260682A70>, 'find_elit_func': <function get_best_min at 0x000001926054F1C0>, 'FUNCTIONS': {'add': {'function': <built-in method add of type object at 0x00007FFEE4CDDE80>, 'arity': 2}, 'subtract': {'function': <built-in method sub of type object at 0x00007FFEE4CDDE80>, 'arity': 2}, 'multiply': {'function': <built-in method mul of type object at 0x00007FFEE4CDDE80>, 'arity': 2}, 'divide': {'function': <function protected_div at 0x0000019260293520>, 'arity': 2}}, 'CONSTANTS': {'constant_2.0': <function gp.<locals>.<dictcomp>.<lambda> at 0x000001926057DAB0>, 'constant_3.0': <function gp.<locals>.<dictcomp>.<lambda> at 0x0000019260680790>, 'constant_4.0': <function gp.<locals>.<dictcomp>.<lambda> at 0x0000019260682B00>, 'constant_5.0': <function gp.<locals>.<dictcomp>.<lambda> at 0x0000019260680670>, 'constant__1.0': <function gp.<locals>.<dictcomp>.<lambda> at 0x0000019260680A60>}, 'p_c': 0, 'init_depth': 6, 'init_pop_size': 200, 'p_test': 0.2}"
c7186e8d-b1ae-11ef-8a81-6c5d3a0f8f2f,"{'log': 1, 'verbose': 0, 'test_elite': True, 'run_info': ['StandardGP', UUID('c7186e8d-b1ae-11ef-8a81-6c5d3a0f8f2f'), 'ppb'], 'ffunction': <function rmse at 0x000001926057C700>, 'n_jobs': 1, 'max_depth': 17, 'n_elites': 1, 'elitism': True, 'n_iter': 2000, 'log_path': 'C:\\Users\\Rizzoli\\Documents\\GitHub\\slim_final\\slim_gsgp\\log\\ppbgp.csv', 'depth_calculator': <function tree_depth.<locals>.depth at 0x000001926057F5B0>, 'initializer': <function rhh at 0x000001926057C160>, 'selector': <function tournament_selection_min.<locals>.ts at 0x0000019260682A70>, 'crossover': <function crossover_trees.<locals>.inner_xo at 0x000001926057CDC0>, 'settings_dict': {'p_test': 0.2}, 'p_xo': 0.8, 'pop_size': 200, 'seed': 14, 'p_m': 0.19999999999999996, 'mutator': <function mutate_tree_subtree.<locals>.inner_mut at 0x0000019260683910>, 'find_elit_func': <function get_best_min at 0x000001926054F1C0>, 'FUNCTIONS': {'add': {'function': <built-in method add of type object at 0x00007FFEE4CDDE80>, 'arity': 2}, 'subtract': {'function': <built-in method sub of type object at 0x00007FFEE4CDDE80>, 'arity': 2}, 'multiply': {'function': <built-in method mul of type object at 0x00007FFEE4CDDE80>, 'arity': 2}, 'divide': {'function': <function protected_div at 0x0000019260293520>, 'arity': 2}}, 'CONSTANTS': {'constant_2.0': <function gp.<locals>.<dictcomp>.<lambda> at 0x00000192606809D0>, 'constant_3.0': <function gp.<locals>.<dictcomp>.<lambda> at 0x0000019260681480>, 'constant_4.0': <function gp.<locals>.<dictcomp>.<lambda> at 0x00000192606816C0>, 'constant_5.0': <function gp.<locals>.<dictcomp>.<lambda> at 0x0000019260682DD0>, 'constant__1.0': <function gp.<locals>.<dictcomp>.<lambda> at 0x0000019260682CB0>}, 'p_c': 0, 'init_depth': 6, 'init_pop_size': 200, 'p_test': 0.2}"
ba028045-b1b0-11ef-8057-6c5d3a0f8f2f,"{'log': 1, 'verbose': 0, 'test_elite': True, 'run_info': ['StandardGP', UUID('ba028045-b1b0-11ef-8057-6c5d3a0f8f2f'), 'ppb'], 'ffunction': <function rmse at 0x000001926057C700>, 'n_jobs': 1, 'max_depth': 17, 'n_elites': 1, 'elitism': True, 'n_iter': 2000, 'log_path': 'C:\\Users\\Rizzoli\\Documents\\GitHub\\slim_final\\slim_gsgp\\log\\ppbgp.csv', 'depth_calculator': <function tree_depth.<locals>.depth at 0x0000019260682EF0>, 'initializer': <function rhh at 0x000001926057C160>, 'selector': <function tournament_selection_min.<locals>.ts at 0x0000019260683910>, 'crossover': <function crossover_trees.<locals>.inner_xo at 0x000001926057CDC0>, 'settings_dict': {'p_test': 0.2}, 'p_xo': 0.8, 'pop_size': 200, 'seed': 15, 'p_m': 0.19999999999999996, 'mutator': <function mutate_tree_subtree.<locals>.inner_mut at 0x0000019260681510>, 'find_elit_func': <function get_best_min at 0x000001926054F1C0>, 'FUNCTIONS': {'add': {'function': <built-in method add of type object at 0x00007FFEE4CDDE80>, 'arity': 2}, 'subtract': {'function': <built-in method sub of type object at 0x00007FFEE4CDDE80>, 'arity': 2}, 'multiply': {'function': <built-in method mul of type object at 0x00007FFEE4CDDE80>, 'arity': 2}, 'divide': {'function': <function protected_div at 0x0000019260293520>, 'arity': 2}}, 'CONSTANTS': {'constant_2.0': <function gp.<locals>.<dictcomp>.<lambda> at 0x0000019260682B00>, 'constant_3.0': <function gp.<locals>.<dictcomp>.<lambda> at 0x0000019260680790>, 'constant_4.0': <function gp.<locals>.<dictcomp>.<lambda> at 0x0000019260683E20>, 'constant_5.0': <function gp.<locals>.<dictcomp>.<lambda> at 0x0000019260683520>, 'constant__1.0': <function gp.<locals>.<dictcomp>.<lambda> at 0x0000019260681AB0>}, 'p_c': 0, 'init_depth': 6, 'init_pop_size': 200, 'p_test': 0.2}"
33193d4d-b1b2-11ef-b6a8-6c5d3a0f8f2f,"{'log': 1, 'verbose': 0, 'test_elite': True, 'run_info': ['StandardGP', UUID('33193d4d-b1b2-11ef-b6a8-6c5d3a0f8f2f'), 'ppb'], 'ffunction': <function rmse at 0x000001926057C700>, 'n_jobs': 1, 'max_depth': 17, 'n_elites': 1, 'elitism': True, 'n_iter': 2000, 'log_path': 'C:\\Users\\Rizzoli\\Documents\\GitHub\\slim_final\\slim_gsgp\\log\\ppbgp.csv', 'depth_calculator': <function tree_depth.<locals>.depth at 0x0000019260682F80>, 'initializer': <function rhh at 0x000001926057C160>, 'selector': <function tournament_selection_min.<locals>.ts at 0x0000019260681510>, 'crossover': <function crossover_trees.<locals>.inner_xo at 0x000001926057CDC0>, 'settings_dict': {'p_test': 0.2}, 'p_xo': 0.8, 'pop_size': 200, 'seed': 16, 'p_m': 0.19999999999999996, 'mutator': <function mutate_tree_subtree.<locals>.inner_mut at 0x00000192606800D0>, 'find_elit_func': <function get_best_min at 0x000001926054F1C0>, 'FUNCTIONS': {'add': {'function': <built-in method add of type object at 0x00007FFEE4CDDE80>, 'arity': 2}, 'subtract': {'function': <built-in method sub of type object at 0x00007FFEE4CDDE80>, 'arity': 2}, 'multiply': {'function': <built-in method mul of type object at 0x00007FFEE4CDDE80>, 'arity': 2}, 'divide': {'function': <function protected_div at 0x0000019260293520>, 'arity': 2}}, 'CONSTANTS': {'constant_2.0': <function gp.<locals>.<dictcomp>.<lambda> at 0x0000019260682CB0>, 'constant_3.0': <function gp.<locals>.<dictcomp>.<lambda> at 0x0000019260682DD0>, 'constant_4.0': <function gp.<locals>.<dictcomp>.<lambda> at 0x00000192606816C0>, 'constant_5.0': <function gp.<locals>.<dictcomp>.<lambda> at 0x0000019260681480>, 'constant__1.0': <function gp.<locals>.<dictcomp>.<lambda> at 0x00000192606809D0>}, 'p_c': 0, 'init_depth': 6, 'init_pop_size': 200, 'p_test': 0.2}"
45bc18fb-b1b3-11ef-a864-6c5d3a0f8f2f,"{'log': 1, 'verbose': 0, 'test_elite': True, 'run_info': ['StandardGP', UUID('45bc18fb-b1b3-11ef-a864-6c5d3a0f8f2f'), 'ppb'], 'ffunction': <function rmse at 0x000001926057C700>, 'n_jobs': 1, 'max_depth': 17, 'n_elites': 1, 'elitism': True, 'n_iter': 2000, 'log_path': 'C:\\Users\\Rizzoli\\Documents\\GitHub\\slim_final\\slim_gsgp\\log\\ppbgp.csv', 'depth_calculator': <function tree_depth.<locals>.depth at 0x00000192605AF010>, 'initializer': <function rhh at 0x000001926057C160>, 'selector': <function tournament_selection_min.<locals>.ts at 0x00000192605AEDD0>, 'crossover': <function crossover_trees.<locals>.inner_xo at 0x000001926057CDC0>, 'settings_dict': {'p_test': 0.2}, 'p_xo': 0.8, 'pop_size': 200, 'seed': 17, 'p_m': 0.19999999999999996, 'mutator': <function mutate_tree_subtree.<locals>.inner_mut at 0x00000192605AD360>, 'find_elit_func': <function get_best_min at 0x000001926054F1C0>, 'FUNCTIONS': {'add': {'function': <built-in method add of type object at 0x00007FFEE4CDDE80>, 'arity': 2}, 'subtract': {'function': <built-in method sub of type object at 0x00007FFEE4CDDE80>, 'arity': 2}, 'multiply': {'function': <built-in method mul of type object at 0x00007FFEE4CDDE80>, 'arity': 2}, 'divide': {'function': <function protected_div at 0x0000019260293520>, 'arity': 2}}, 'CONSTANTS': {'constant_2.0': <function gp.<locals>.<dictcomp>.<lambda> at 0x000001926057DA20>, 'constant_3.0': <function gp.<locals>.<dictcomp>.<lambda> at 0x000001926057DB40>, 'constant_4.0': <function gp.<locals>.<dictcomp>.<lambda> at 0x00000192605AEB90>, 'constant_5.0': <function gp.<locals>.<dictcomp>.<lambda> at 0x00000192605AD120>, 'constant__1.0': <function gp.<locals>.<dictcomp>.<lambda> at 0x00000192605ADEA0>}, 'p_c': 0, 'init_depth': 6, 'init_pop_size': 200, 'p_test': 0.2}"
52954120-b1b7-11ef-97de-6c5d3a0f8f2f,"{'log': 1, 'verbose': 0, 'test_elite': True, 'run_info': ['StandardGP', UUID('52954120-b1b7-11ef-97de-6c5d3a0f8f2f'), 'ppb'], 'ffunction': <function rmse at 0x000001926057C700>, 'n_jobs': 1, 'max_depth': 17, 'n_elites': 1, 'elitism': True, 'n_iter': 2000, 'log_path': 'C:\\Users\\Rizzoli\\Documents\\GitHub\\slim_final\\slim_gsgp\\log\\ppbgp.csv', 'depth_calculator': <function tree_depth.<locals>.depth at 0x000001926057CC10>, 'initializer': <function rhh at 0x000001926057C160>, 'selector': <function tournament_selection_min.<locals>.ts at 0x0000019260682710>, 'crossover': <function crossover_trees.<locals>.inner_xo at 0x000001926057CDC0>, 'settings_dict': {'p_test': 0.2}, 'p_xo': 0.8, 'pop_size': 200, 'seed': 18, 'p_m': 0.19999999999999996, 'mutator': <function mutate_tree_subtree.<locals>.inner_mut at 0x0000019260680790>, 'find_elit_func': <function get_best_min at 0x000001926054F1C0>, 'FUNCTIONS': {'add': {'function': <built-in method add of type object at 0x00007FFEE4CDDE80>, 'arity': 2}, 'subtract': {'function': <built-in method sub of type object at 0x00007FFEE4CDDE80>, 'arity': 2}, 'multiply': {'function': <built-in method mul of type object at 0x00007FFEE4CDDE80>, 'arity': 2}, 'divide': {'function': <function protected_div at 0x0000019260293520>, 'arity': 2}}, 'CONSTANTS': {'constant_2.0': <function gp.<locals>.<dictcomp>.<lambda> at 0x00000192606816C0>, 'constant_3.0': <function gp.<locals>.<dictcomp>.<lambda> at 0x0000019260682DD0>, 'constant_4.0': <function gp.<locals>.<dictcomp>.<lambda> at 0x0000019260682CB0>, 'constant_5.0': <function gp.<locals>.<dictcomp>.<lambda> at 0x0000019260681BD0>, 'constant__1.0': <function gp.<locals>.<dictcomp>.<lambda> at 0x0000019260680430>}, 'p_c': 0, 'init_depth': 6, 'init_pop_size': 200, 'p_test': 0.2}"
01bb4fbd-b1b9-11ef-ad80-6c5d3a0f8f2f,"{'log': 1, 'verbose': 0, 'test_elite': True, 'run_info': ['StandardGP', UUID('01bb4fbd-b1b9-11ef-ad80-6c5d3a0f8f2f'), 'ppb'], 'ffunction': <function rmse at 0x000001926057C700>, 'n_jobs': 1, 'max_depth': 17, 'n_elites': 1, 'elitism': True, 'n_iter': 2000, 'log_path': 'C:\\Users\\Rizzoli\\Documents\\GitHub\\slim_final\\slim_gsgp\\log\\ppbgp.csv', 'depth_calculator': <function tree_depth.<locals>.depth at 0x00000192605AE200>, 'initializer': <function rhh at 0x000001926057C160>, 'selector': <function tournament_selection_min.<locals>.ts at 0x00000192605ADB40>, 'crossover': <function crossover_trees.<locals>.inner_xo at 0x000001926057CDC0>, 'settings_dict': {'p_test': 0.2}, 'p_xo': 0.8, 'pop_size': 200, 'seed': 19, 'p_m': 0.19999999999999996, 'mutator': <function mutate_tree_subtree.<locals>.inner_mut at 0x00000192605AF880>, 'find_elit_func': <function get_best_min at 0x000001926054F1C0>, 'FUNCTIONS': {'add': {'function': <built-in method add of type object at 0x00007FFEE4CDDE80>, 'arity': 2}, 'subtract': {'function': <built-in method sub of type object at 0x00007FFEE4CDDE80>, 'arity': 2}, 'multiply': {'function': <built-in method mul of type object at 0x00007FFEE4CDDE80>, 'arity': 2}, 'divide': {'function': <function protected_div at 0x0000019260293520>, 'arity': 2}}, 'CONSTANTS': {'constant_2.0': <function gp.<locals>.<dictcomp>.<lambda> at 0x000001926057DAB0>, 'constant_3.0': <function gp.<locals>.<dictcomp>.<lambda> at 0x00000192605ADEA0>, 'constant_4.0': <function gp.<locals>.<dictcomp>.<lambda> at 0x00000192605AD120>, 'constant_5.0': <function gp.<locals>.<dictcomp>.<lambda> at 0x00000192605AEB90>, 'constant__1.0': <function gp.<locals>.<dictcomp>.<lambda> at 0x00000192605AEB00>}, 'p_c': 0, 'init_depth': 6, 'init_pop_size': 200, 'p_test': 0.2}"
3b909a5f-b1ba-11ef-831f-6c5d3a0f8f2f,"{'log': 1, 'verbose': 0, 'test_elite': True, 'run_info': ['StandardGP', UUID('3b909a5f-b1ba-11ef-831f-6c5d3a0f8f2f'), 'ppb'], 'ffunction': <function rmse at 0x000001926057C700>, 'n_jobs': 1, 'max_depth': 17, 'n_elites': 1, 'elitism': True, 'n_iter': 2000, 'log_path': 'C:\\Users\\Rizzoli\\Documents\\GitHub\\slim_final\\slim_gsgp\\log\\ppbgp.csv', 'depth_calculator': <function tree_depth.<locals>.depth at 0x00000192605ADB40>, 'initializer': <function rhh at 0x000001926057C160>, 'selector': <function tournament_selection_min.<locals>.ts at 0x00000192605AF880>, 'crossover': <function crossover_trees.<locals>.inner_xo at 0x000001926057CDC0>, 'settings_dict': {'p_test': 0.2}, 'p_xo': 0.8, 'pop_size': 200, 'seed': 20, 'p_m': 0.19999999999999996, 'mutator': <function mutate_tree_subtree.<locals>.inner_mut at 0x00000192605AE950>, 'find_elit_func': <function get_best_min at 0x000001926054F1C0>, 'FUNCTIONS': {'add': {'function': <built-in method add of type object at 0x00007FFEE4CDDE80>, 'arity': 2}, 'subtract': {'function': <built-in method sub of type object at 0x00007FFEE4CDDE80>, 'arity': 2}, 'multiply': {'function': <built-in method mul of type object at 0x00007FFEE4CDDE80>, 'arity': 2}, 'divide': {'function': <function protected_div at 0x0000019260293520>, 'arity': 2}}, 'CONSTANTS': {'constant_2.0': <function gp.<locals>.<dictcomp>.<lambda> at 0x00000192605AF760>, 'constant_3.0': <function gp.<locals>.<dictcomp>.<lambda> at 0x00000192605AE5F0>, 'constant_4.0': <function gp.<locals>.<dictcomp>.<lambda> at 0x00000192605AF640>, 'constant_5.0': <function gp.<locals>.<dictcomp>.<lambda> at 0x00000192605AE8C0>, 'constant__1.0': <function gp.<locals>.<dictcomp>.<lambda> at 0x00000192605AD870>}, 'p_c': 0, 'init_depth': 6, 'init_pop_size': 200, 'p_test': 0.2}"
3bc320c7-b1bb-11ef-bf3b-6c5d3a0f8f2f,"{'log': 1, 'verbose': 0, 'test_elite': True, 'run_info': ['StandardGP', UUID('3bc320c7-b1bb-11ef-bf3b-6c5d3a0f8f2f'), 'ppb'], 'ffunction': <function rmse at 0x000001926057C700>, 'n_jobs': 1, 'max_depth': 17, 'n_elites': 1, 'elitism': True, 'n_iter': 2000, 'log_path': 'C:\\Users\\Rizzoli\\Documents\\GitHub\\slim_final\\slim_gsgp\\log\\ppbgp.csv', 'depth_calculator': <function tree_depth.<locals>.depth at 0x000001926057DA20>, 'initializer': <function rhh at 0x000001926057C160>, 'selector': <function tournament_selection_min.<locals>.ts at 0x00000192605AE950>, 'crossover': <function crossover_trees.<locals>.inner_xo at 0x000001926057CDC0>, 'settings_dict': {'p_test': 0.2}, 'p_xo': 0.8, 'pop_size': 200, 'seed': 21, 'p_m': 0.19999999999999996, 'mutator': <function mutate_tree_subtree.<locals>.inner_mut at 0x00000192605ADA20>, 'find_elit_func': <function get_best_min at 0x000001926054F1C0>, 'FUNCTIONS': {'add': {'function': <built-in method add of type object at 0x00007FFEE4CDDE80>, 'arity': 2}, 'subtract': {'function': <built-in method sub of type object at 0x00007FFEE4CDDE80>, 'arity': 2}, 'multiply': {'function': <built-in method mul of type object at 0x00007FFEE4CDDE80>, 'arity': 2}, 'divide': {'function': <function protected_div at 0x0000019260293520>, 'arity': 2}}, 'CONSTANTS': {'constant_2.0': <function gp.<locals>.<dictcomp>.<lambda> at 0x00000192605AEB00>, 'constant_3.0': <function gp.<locals>.<dictcomp>.<lambda> at 0x00000192605AEB90>, 'constant_4.0': <function gp.<locals>.<dictcomp>.<lambda> at 0x00000192605AD120>, 'constant_5.0': <function gp.<locals>.<dictcomp>.<lambda> at 0x00000192605ADEA0>, 'constant__1.0': <function gp.<locals>.<dictcomp>.<lambda> at 0x00000192605AD6C0>}, 'p_c': 0, 'init_depth': 6, 'init_pop_size': 200, 'p_test': 0.2}"
b081f1f2-b1c0-11ef-be9c-6c5d3a0f8f2f,"{'log': 1, 'verbose': 0, 'test_elite': True, 'run_info': ['StandardGP', UUID('b081f1f2-b1c0-11ef-be9c-6c5d3a0f8f2f'), 'ppb'], 'ffunction': <function rmse at 0x000001926057C700>, 'n_jobs': 1, 'max_depth': 17, 'n_elites': 1, 'elitism': True, 'n_iter': 2000, 'log_path': 'C:\\Users\\Rizzoli\\Documents\\GitHub\\slim_final\\slim_gsgp\\log\\ppbgp.csv', 'depth_calculator': <function tree_depth.<locals>.depth at 0x00000192605AE170>, 'initializer': <function rhh at 0x000001926057C160>, 'selector': <function tournament_selection_min.<locals>.ts at 0x00000192605ADA20>, 'crossover': <function crossover_trees.<locals>.inner_xo at 0x000001926057CDC0>, 'settings_dict': {'p_test': 0.2}, 'p_xo': 0.8, 'pop_size': 200, 'seed': 22, 'p_m': 0.19999999999999996, 'mutator': <function mutate_tree_subtree.<locals>.inner_mut at 0x00000192605AD480>, 'find_elit_func': <function get_best_min at 0x000001926054F1C0>, 'FUNCTIONS': {'add': {'function': <built-in method add of type object at 0x00007FFEE4CDDE80>, 'arity': 2}, 'subtract': {'function': <built-in method sub of type object at 0x00007FFEE4CDDE80>, 'arity': 2}, 'multiply': {'function': <built-in method mul of type object at 0x00007FFEE4CDDE80>, 'arity': 2}, 'divide': {'function': <function protected_div at 0x0000019260293520>, 'arity': 2}}, 'CONSTANTS': {'constant_2.0': <function gp.<locals>.<dictcomp>.<lambda> at 0x00000192605AF640>, 'constant_3.0': <function gp.<locals>.<dictcomp>.<lambda> at 0x00000192605AE5F0>, 'constant_4.0': <function gp.<locals>.<dictcomp>.<lambda> at 0x00000192605AF760>, 'constant_5.0': <function gp.<locals>.<dictcomp>.<lambda> at 0x00000192605AF880>, 'constant__1.0': <function gp.<locals>.<dictcomp>.<lambda> at 0x00000192605AF910>}, 'p_c': 0, 'init_depth': 6, 'init_pop_size': 200, 'p_test': 0.2}"
ff9b6d95-b1c2-11ef-b71a-6c5d3a0f8f2f,"{'log': 1, 'verbose': 0, 'test_elite': True, 'run_info': ['StandardGP', UUID('ff9b6d95-b1c2-11ef-b71a-6c5d3a0f8f2f'), 'ppb'], 'ffunction': <function rmse at 0x000001926057C700>, 'n_jobs': 1, 'max_depth': 17, 'n_elites': 1, 'elitism': True, 'n_iter': 2000, 'log_path': 'C:\\Users\\Rizzoli\\Documents\\GitHub\\slim_final\\slim_gsgp\\log\\ppbgp.csv', 'depth_calculator': <function tree_depth.<locals>.depth at 0x00000192606836D0>, 'initializer': <function rhh at 0x000001926057C160>, 'selector': <function tournament_selection_min.<locals>.ts at 0x00000192606832E0>, 'crossover': <function crossover_trees.<locals>.inner_xo at 0x000001926057CDC0>, 'settings_dict': {'p_test': 0.2}, 'p_xo': 0.8, 'pop_size': 200, 'seed': 23, 'p_m': 0.19999999999999996, 'mutator': <function mutate_tree_subtree.<locals>.inner_mut at 0x00000192606837F0>, 'find_elit_func': <function get_best_min at 0x000001926054F1C0>, 'FUNCTIONS': {'add': {'function': <built-in method add of type object at 0x00007FFEE4CDDE80>, 'arity': 2}, 'subtract': {'function': <built-in method sub of type object at 0x00007FFEE4CDDE80>, 'arity': 2}, 'multiply': {'function': <built-in method mul of type object at 0x00007FFEE4CDDE80>, 'arity': 2}, 'divide': {'function': <function protected_div at 0x0000019260293520>, 'arity': 2}}, 'CONSTANTS': {'constant_2.0': <function gp.<locals>.<dictcomp>.<lambda> at 0x0000019260682290>, 'constant_3.0': <function gp.<locals>.<dictcomp>.<lambda> at 0x0000019260683880>, 'constant_4.0': <function gp.<locals>.<dictcomp>.<lambda> at 0x00000192606812D0>, 'constant_5.0': <function gp.<locals>.<dictcomp>.<lambda> at 0x00000192606811B0>, 'constant__1.0': <function gp.<locals>.<dictcomp>.<lambda> at 0x0000019260683D00>}, 'p_c': 0, 'init_depth': 6, 'init_pop_size': 200, 'p_test': 0.2}"
0e4d87b3-b1c5-11ef-aa3a-6c5d3a0f8f2f,"{'log': 1, 'verbose': 0, 'test_elite': True, 'run_info': ['StandardGP', UUID('0e4d87b3-b1c5-11ef-aa3a-6c5d3a0f8f2f'), 'ppb'], 'ffunction': <function rmse at 0x000001926057C700>, 'n_jobs': 1, 'max_depth': 17, 'n_elites': 1, 'elitism': True, 'n_iter': 2000, 'log_path': 'C:\\Users\\Rizzoli\\Documents\\GitHub\\slim_final\\slim_gsgp\\log\\ppbgp.csv', 'depth_calculator': <function tree_depth.<locals>.depth at 0x0000019260683640>, 'initializer': <function rhh at 0x000001926057C160>, 'selector': <function tournament_selection_min.<locals>.ts at 0x00000192606837F0>, 'crossover': <function crossover_trees.<locals>.inner_xo at 0x000001926057CDC0>, 'settings_dict': {'p_test': 0.2}, 'p_xo': 0.8, 'pop_size': 200, 'seed': 24, 'p_m': 0.19999999999999996, 'mutator': <function mutate_tree_subtree.<locals>.inner_mut at 0x00000192606839A0>, 'find_elit_func': <function get_best_min at 0x000001926054F1C0>, 'FUNCTIONS': {'add': {'function': <built-in method add of type object at 0x00007FFEE4CDDE80>, 'arity': 2}, 'subtract': {'function': <built-in method sub of type object at 0x00007FFEE4CDDE80>, 'arity': 2}, 'multiply': {'function': <built-in method mul of type object at 0x00007FFEE4CDDE80>, 'arity': 2}, 'divide': {'function': <function protected_div at 0x0000019260293520>, 'arity': 2}}, 'CONSTANTS': {'constant_2.0': <function gp.<locals>.<dictcomp>.<lambda> at 0x00000192606817E0>, 'constant_3.0': <function gp.<locals>.<dictcomp>.<lambda> at 0x0000019260682830>, 'constant_4.0': <function gp.<locals>.<dictcomp>.<lambda> at 0x0000019260683910>, 'constant_5.0': <function gp.<locals>.<dictcomp>.<lambda> at 0x0000019260683490>, 'constant__1.0': <function gp.<locals>.<dictcomp>.<lambda> at 0x0000019260682560>}, 'p_c': 0, 'init_depth': 6, 'init_pop_size': 200, 'p_test': 0.2}"
2a1d47a0-b1cb-11ef-bc41-6c5d3a0f8f2f,"{'log': 1, 'verbose': 0, 'test_elite': True, 'run_info': ['StandardGP', UUID('2a1d47a0-b1cb-11ef-bc41-6c5d3a0f8f2f'), 'ppb'], 'ffunction': <function rmse at 0x000001926057C700>, 'n_jobs': 1, 'max_depth': 17, 'n_elites': 1, 'elitism': True, 'n_iter': 2000, 'log_path': 'C:\\Users\\Rizzoli\\Documents\\GitHub\\slim_final\\slim_gsgp\\log\\ppbgp.csv', 'depth_calculator': <function tree_depth.<locals>.depth at 0x00000192605AE290>, 'initializer': <function rhh at 0x000001926057C160>, 'selector': <function tournament_selection_min.<locals>.ts at 0x00000192605AF370>, 'crossover': <function crossover_trees.<locals>.inner_xo at 0x000001926057CDC0>, 'settings_dict': {'p_test': 0.2}, 'p_xo': 0.8, 'pop_size': 200, 'seed': 25, 'p_m': 0.19999999999999996, 'mutator': <function mutate_tree_subtree.<locals>.inner_mut at 0x00000192605ADCF0>, 'find_elit_func': <function get_best_min at 0x000001926054F1C0>, 'FUNCTIONS': {'add': {'function': <built-in method add of type object at 0x00007FFEE4CDDE80>, 'arity': 2}, 'subtract': {'function': <built-in method sub of type object at 0x00007FFEE4CDDE80>, 'arity': 2}, 'multiply': {'function': <built-in method mul of type object at 0x00007FFEE4CDDE80>, 'arity': 2}, 'divide': {'function': <function protected_div at 0x0000019260293520>, 'arity': 2}}, 'CONSTANTS': {'constant_2.0': <function gp.<locals>.<dictcomp>.<lambda> at 0x000001926057DA20>, 'constant_3.0': <function gp.<locals>.<dictcomp>.<lambda> at 0x000001926057CC10>, 'constant_4.0': <function gp.<locals>.<dictcomp>.<lambda> at 0x00000192605AF250>, 'constant_5.0': <function gp.<locals>.<dictcomp>.<lambda> at 0x00000192605AD360>, 'constant__1.0': <function gp.<locals>.<dictcomp>.<lambda> at 0x00000192605AD3F0>}, 'p_c': 0, 'init_depth': 6, 'init_pop_size': 200, 'p_test': 0.2}"
4658eec0-b1cd-11ef-86a8-6c5d3a0f8f2f,"{'log': 1, 'verbose': 0, 'test_elite': True, 'run_info': ['StandardGP', UUID('4658eec0-b1cd-11ef-86a8-6c5d3a0f8f2f'), 'ppb'], 'ffunction': <function rmse at 0x000001926057C700>, 'n_jobs': 1, 'max_depth': 17, 'n_elites': 1, 'elitism': True, 'n_iter': 2000, 'log_path': 'C:\\Users\\Rizzoli\\Documents\\GitHub\\slim_final\\slim_gsgp\\log\\ppbgp.csv', 'depth_calculator': <function tree_depth.<locals>.depth at 0x000001926057DAB0>, 'initializer': <function rhh at 0x000001926057C160>, 'selector': <function tournament_selection_min.<locals>.ts at 0x00000192605ADCF0>, 'crossover': <function crossover_trees.<locals>.inner_xo at 0x000001926057CDC0>, 'settings_dict': {'p_test': 0.2}, 'p_xo': 0.8, 'pop_size': 200, 'seed': 26, 'p_m': 0.19999999999999996, 'mutator': <function mutate_tree_subtree.<locals>.inner_mut at 0x00000192605AF910>, 'find_elit_func': <function get_best_min at 0x000001926054F1C0>, 'FUNCTIONS': {'add': {'function': <built-in method add of type object at 0x00007FFEE4CDDE80>, 'arity': 2}, 'subtract': {'function': <built-in method sub of type object at 0x00007FFEE4CDDE80>, 'arity': 2}, 'multiply': {'function': <built-in method mul of type object at 0x00007FFEE4CDDE80>, 'arity': 2}, 'divide': {'function': <function protected_div at 0x0000019260293520>, 'arity': 2}}, 'CONSTANTS': {'constant_2.0': <function gp.<locals>.<dictcomp>.<lambda> at 0x00000192605AD1B0>, 'constant_3.0': <function gp.<locals>.<dictcomp>.<lambda> at 0x00000192605AF010>, 'constant_4.0': <function gp.<locals>.<dictcomp>.<lambda> at 0x00000192605AFD90>, 'constant_5.0': <function gp.<locals>.<dictcomp>.<lambda> at 0x00000192605AE200>, 'constant__1.0': <function gp.<locals>.<dictcomp>.<lambda> at 0x00000192605ADE10>}, 'p_c': 0, 'init_depth': 6, 'init_pop_size': 200, 'p_test': 0.2}"
5cbaddd6-b1ce-11ef-9bd6-6c5d3a0f8f2f,"{'log': 1, 'verbose': 0, 'test_elite': True, 'run_info': ['StandardGP', UUID('5cbaddd6-b1ce-11ef-9bd6-6c5d3a0f8f2f'), 'ppb'], 'ffunction': <function rmse at 0x000001926057C700>, 'n_jobs': 1, 'max_depth': 17, 'n_elites': 1, 'elitism': True, 'n_iter': 2000, 'log_path': 'C:\\Users\\Rizzoli\\Documents\\GitHub\\slim_final\\slim_gsgp\\log\\ppbgp.csv', 'depth_calculator': <function tree_depth.<locals>.depth at 0x0000019260681750>, 'initializer': <function rhh at 0x000001926057C160>, 'selector': <function tournament_selection_min.<locals>.ts at 0x00000192606813F0>, 'crossover': <function crossover_trees.<locals>.inner_xo at 0x000001926057CDC0>, 'settings_dict': {'p_test': 0.2}, 'p_xo': 0.8, 'pop_size': 200, 'seed': 27, 'p_m': 0.19999999999999996, 'mutator': <function mutate_tree_subtree.<locals>.inner_mut at 0x0000019260680CA0>, 'find_elit_func': <function get_best_min at 0x000001926054F1C0>, 'FUNCTIONS': {'add': {'function': <built-in method add of type object at 0x00007FFEE4CDDE80>, 'arity': 2}, 'subtract': {'function': <built-in method sub of type object at 0x00007FFEE4CDDE80>, 'arity': 2}, 'multiply': {'function': <built-in method mul of type object at 0x00007FFEE4CDDE80>, 'arity': 2}, 'divide': {'function': <function protected_div at 0x0000019260293520>, 'arity': 2}}, 'CONSTANTS': {'constant_2.0': <function gp.<locals>.<dictcomp>.<lambda> at 0x0000019260681A20>, 'constant_3.0': <function gp.<locals>.<dictcomp>.<lambda> at 0x0000019260682C20>, 'constant_4.0': <function gp.<locals>.<dictcomp>.<lambda> at 0x0000019260683AC0>, 'constant_5.0': <function gp.<locals>.<dictcomp>.<lambda> at 0x0000019260682320>, 'constant__1.0': <function gp.<locals>.<dictcomp>.<lambda> at 0x0000019260681AB0>}, 'p_c': 0, 'init_depth': 6, 'init_pop_size': 200, 'p_test': 0.2}"
cc9066a0-b1d1-11ef-923e-6c5d3a0f8f2f,"{'log': 1, 'verbose': 0, 'test_elite': True, 'run_info': ['StandardGP', UUID('cc9066a0-b1d1-11ef-923e-6c5d3a0f8f2f'), 'ppb'], 'ffunction': <function rmse at 0x000001926057C700>, 'n_jobs': 1, 'max_depth': 17, 'n_elites': 1, 'elitism': True, 'n_iter': 2000, 'log_path': 'C:\\Users\\Rizzoli\\Documents\\GitHub\\slim_final\\slim_gsgp\\log\\ppbgp.csv', 'depth_calculator': <function tree_depth.<locals>.depth at 0x00000192605AD750>, 'initializer': <function rhh at 0x000001926057C160>, 'selector': <function tournament_selection_min.<locals>.ts at 0x00000192605AF250>, 'crossover': <function crossover_trees.<locals>.inner_xo at 0x000001926057CDC0>, 'settings_dict': {'p_test': 0.2}, 'p_xo': 0.8, 'pop_size': 200, 'seed': 28, 'p_m': 0.19999999999999996, 'mutator': <function mutate_tree_subtree.<locals>.inner_mut at 0x00000192605AE7A0>, 'find_elit_func': <function get_best_min at 0x000001926054F1C0>, 'FUNCTIONS': {'add': {'function': <built-in method add of type object at 0x00007FFEE4CDDE80>, 'arity': 2}, 'subtract': {'function': <built-in method sub of type object at 0x00007FFEE4CDDE80>, 'arity': 2}, 'multiply': {'function': <built-in method mul of type object at 0x00007FFEE4CDDE80>, 'arity': 2}, 'divide': {'function': <function protected_div at 0x0000019260293520>, 'arity': 2}}, 'CONSTANTS': {'constant_2.0': <function gp.<locals>.<dictcomp>.<lambda> at 0x00000192605AF010>, 'constant_3.0': <function gp.<locals>.<dictcomp>.<lambda> at 0x00000192605AD1B0>, 'constant_4.0': <function gp.<locals>.<dictcomp>.<lambda> at 0x00000192605AF1C0>, 'constant_5.0': <function gp.<locals>.<dictcomp>.<lambda> at 0x00000192605AE320>, 'constant__1.0': <function gp.<locals>.<dictcomp>.<lambda> at 0x00000192605ADB40>}, 'p_c': 0, 'init_depth': 6, 'init_pop_size': 200, 'p_test': 0.2}"
da8a27bf-b1d2-11ef-b0d6-6c5d3a0f8f2f,"{'log': 1, 'verbose': 0, 'test_elite': True, 'run_info': ['StandardGP', UUID('da8a27bf-b1d2-11ef-b0d6-6c5d3a0f8f2f'), 'ppb'], 'ffunction': <function rmse at 0x000001926057C700>, 'n_jobs': 1, 'max_depth': 17, 'n_elites': 1, 'elitism': True, 'n_iter': 2000, 'log_path': 'C:\\Users\\Rizzoli\\Documents\\GitHub\\slim_final\\slim_gsgp\\log\\ppbgp.csv', 'depth_calculator': <function tree_depth.<locals>.depth at 0x0000019260683370>, 'initializer': <function rhh at 0x000001926057C160>, 'selector': <function tournament_selection_min.<locals>.ts at 0x00000192606831C0>, 'crossover': <function crossover_trees.<locals>.inner_xo at 0x000001926057CDC0>, 'settings_dict': {'p_test': 0.2}, 'p_xo': 0.8, 'pop_size': 200, 'seed': 29, 'p_m': 0.19999999999999996, 'mutator': <function mutate_tree_subtree.<locals>.inner_mut at 0x0000019260681000>, 'find_elit_func': <function get_best_min at 0x000001926054F1C0>, 'FUNCTIONS': {'add': {'function': <built-in method add of type object at 0x00007FFEE4CDDE80>, 'arity': 2}, 'subtract': {'function': <built-in method sub of type object at 0x00007FFEE4CDDE80>, 'arity': 2}, 'multiply': {'function': <built-in method mul of type object at 0x00007FFEE4CDDE80>, 'arity': 2}, 'divide': {'function': <function protected_div at 0x0000019260293520>, 'arity': 2}}, 'CONSTANTS': {'constant_2.0': <function gp.<locals>.<dictcomp>.<lambda> at 0x0000019260682C20>, 'constant_3.0': <function gp.<locals>.<dictcomp>.<lambda> at 0x0000019260681A20>, 'constant_4.0': <function gp.<locals>.<dictcomp>.<lambda> at 0x0000019260683010>, 'constant_5.0': <function gp.<locals>.<dictcomp>.<lambda> at 0x00000192606829E0>, 'constant__1.0': <function gp.<locals>.<dictcomp>.<lambda> at 0x0000019260681D80>}, 'p_c': 0, 'init_depth': 6, 'init_pop_size': 200, 'p_test': 0.2}"
